,,1,2,3,4,5,6,7,8,9,10,11,12,13,14,15,16,17,18,19,20,21,22,23,24,25,26,27,28,29,30,31,
00:00 - 00:00,Alis," 000.001",,,,,,,,,,,,,,,,,,,,,,,,,,,,,,,
00:00 - 00:00,Veris,"000.000",,,,,,,,,,,,,,,,,,,,,,,,,,,,,,,
00:00 - 00:15,Alis," 000.000"," 000.000"," 000.001"," 000.000"," 000.000"," 000.001"," 000.000"," 000.001"," 000.000"," 000.000"," 000.000"," 000.000"," 000.001"," 000.000"," 000.000"," 000.000",," 000.000"," 000.001"," 000.001"," 000.000"," 000.001"," 000.000"," 000.001"," 000.000"," 000.000"," 000.001"," 000.000",,,,
00:00 - 00:15,Veris,"000.000","000.000","000.000","000.000","000.000","000.000","000.000","000.000","000.000","000.000","000.000","000.000","000.000","000.000","000.000","000.000",,"000.000","000.000","000.000","000.000","000.000","000.000","000.000","000.000","000.000","000.000","000.000",,,,
00:00 - 00:30,Alis," 000.000"," 000.000"," 000.000"," 000.000"," 000.000"," 000.000"," 000.000"," 000.000"," 000.000"," 000.001"," 000.001"," 000.001"," 000.000"," 000.001"," 000.000"," 000.000",," 000.000"," 000.000"," 000.000"," 000.000"," 000.000"," 000.000"," 000.000"," 000.001"," 000.001"," 000.000"," 000.000",,,,
00:00 - 00:30,Veris,"000.000","000.000","000.000","000.000","000.000","000.000","000.000","000.000","000.000","000.000","000.000","000.000","000.000","000.000","000.000","000.000",,"000.000","000.000","000.000","000.000","000.000","000.000","000.000","000.000","000.000","000.000","000.000",,,,
00:00 - 00:45,Alis," 000.001"," 000.001"," 000.000"," 000.001"," 000.001"," 000.000"," 000.001"," 000.000"," 000.001"," 000.000"," 000.000"," 000.000"," 000.000"," 000.000"," 000.001"," 000.001",," 000.001"," 000.000"," 000.000"," 000.001"," 000.001"," 000.001"," 000.000"," 000.000"," 000.000"," 000.000"," 000.001",,,,
00:00 - 00:45,Veris,"000.000","000.000","000.000","000.000","000.000","000.000","000.000","000.000","000.000","000.000","000.000","000.000","000.000","000.000","000.000","000.000",,"000.000","000.000","000.000","000.000","000.000","000.000","000.000","000.000","000.000","000.000","000.000",,,,
01:00 - 00:00,Alis," 000.000"," 000.000"," 000.001"," 000.000"," 000.000"," 000.001"," 000.000"," 000.001"," 000.000"," 000.000"," 000.000"," 000.000"," 000.001"," 000.000"," 000.000"," 000.000",," 000.000"," 000.001"," 000.001"," 000.000"," 000.000"," 000.000"," 000.001"," 000.000"," 000.001"," 000.001"," 000.000",,,,
01:00 - 00:00,Veris,"000.000","000.000","000.000","000.000","000.000","000.000","000.000","000.000","000.000","000.000","000.000","000.000","000.000","000.000","000.000","000.000",,"000.000","000.000","000.000","000.000","000.000","000.000","000.000","000.000","000.000","000.000","000.000",,,,
01:00 - 00:15,Alis," 000.001"," 000.000"," 000.000"," 000.000"," 000.000"," 000.000"," 000.000"," 000.000"," 000.000"," 000.001"," 000.001"," 000.000"," 000.000"," 000.001"," 000.000"," 000.000",," 000.000"," 000.000"," 000.000"," 000.000"," 000.000"," 000.001"," 000.000"," 000.001"," 000.000"," 000.000"," 000.000",,,,
01:00 - 00:15,Veris,"000.000","000.000","000.000","000.000","000.000","000.000","000.000","000.000","000.000","000.000","000.000","000.000","000.000","000.000","000.000","000.000",,"000.000","000.000","000.000","000.000","000.000","000.000","000.000","000.000","000.000","000.000","000.000",,,,
01:00 - 00:30,Alis," 000.000"," 000.001"," 000.000"," 000.001"," 000.001"," 000.000"," 000.000"," 000.000"," 000.001"," 000.000"," 000.000"," 000.001"," 000.000"," 000.000"," 000.001"," 000.001",," 000.001"," 000.000"," 000.000"," 000.001"," 000.001"," 000.000"," 000.001"," 000.000"," 000.000"," 000.000"," 000.001",,,,
01:00 - 00:30,Veris,"000.000","000.000","000.000","000.000","000.000","000.000","000.000","000.000","000.000","000.000","000.000","000.000","000.000","000.000","000.000","000.000",,"000.000","000.000","000.000","000.000","000.000","000.000","000.000","000.000","000.000","000.000","000.000",,,,
01:00 - 00:45,Alis," 000.000"," 000.000"," 000.000"," 000.000"," 000.000"," 000.000"," 000.001"," 000.001"," 000.000"," 000.000"," 000.000"," 000.000"," 000.001"," 000.000"," 000.000"," 000.000",," 000.000"," 000.001"," 000.001"," 000.000"," 000.000"," 000.000"," 000.000"," 000.001"," 000.001"," 000.001"," 000.000",,,,
01:00 - 00:45,Veris,"000.000","000.000","000.000","000.000","000.000","000.000","000.000","000.000","000.000","000.000","000.000","000.000","000.000","000.000","000.000","000.000",,"000.000","000.000","000.000","000.000","000.000","000.000","000.000","000.000","000.000","000.000","000.000",,,,
02:00 - 00:00,Alis," 000.001"," 000.000"," 000.001"," 000.000"," 000.000"," 000.001"," 000.000"," 000.000"," 000.000"," 000.000"," 000.000"," 000.000"," 000.000"," 000.001"," 000.000"," 000.000",," 000.000"," 000.000"," 000.000"," 000.000"," 000.000"," 000.001"," 000.000"," 000.000"," 000.000"," 000.000"," 000.000",,,,
02:00 - 00:00,Veris,"000.000","000.000","000.000","000.000","000.000","000.000","000.000","000.000","000.000","000.000","000.000","000.000","000.000","000.000","000.000","000.000",,"000.000","000.000","000.000","000.000","000.000","000.000","000.000","000.000","000.000","000.000","000.000",,,,
02:00 - 00:15,Alis," 000.000"," 000.001"," 000.000"," 000.001"," 000.001"," 000.000"," 000.000"," 000.000"," 000.001"," 000.001"," 000.001"," 000.001"," 000.000"," 000.000"," 000.001"," 000.001",," 000.001"," 000.000"," 000.000"," 000.001"," 000.001"," 000.000"," 000.001"," 000.000"," 000.000"," 000.000"," 000.001",,,,
02:00 - 00:15,Veris,"000.000","000.000","000.000","000.000","000.000","000.000","000.000","000.000","000.000","000.000","000.000","000.000","000.000","000.000","000.000","000.000",,"000.000","000.000","000.000","000.000","000.000","000.000","000.000","000.000","000.000","000.000","000.000",,,,
02:00 - 00:30,Alis," 000.000"," 000.000"," 000.000"," 000.000"," 000.000"," 000.000"," 000.001"," 000.001"," 000.000"," 000.000"," 000.000"," 000.000"," 000.001"," 000.000"," 000.000"," 000.000",," 000.000"," 000.001"," 000.001"," 000.000"," 000.000"," 000.000"," 000.000"," 000.001"," 000.001"," 000.001"," 000.000",,,,
02:00 - 00:30,Veris,"000.000","000.000","000.000","000.000","000.000","000.000","000.000","000.000","000.000","000.000","000.000","000.000","000.000","000.000","000.000","000.000",,"000.000","000.000","000.000","000.000","000.000","000.000","000.000","000.000","000.000","000.000","000.000",,,,
02:00 - 00:45,Alis," 000.001"," 000.000"," 000.001"," 000.000"," 000.000"," 000.001"," 000.000"," 000.000"," 000.000"," 000.000"," 000.000"," 000.000"," 000.000"," 000.001"," 000.000"," 000.000",," 000.000"," 000.000"," 000.000"," 000.000"," 000.000"," 000.001"," 000.000"," 000.000"," 000.000"," 000.000"," 000.000",,,,
02:00 - 00:45,Veris,"000.000","000.000","000.000","000.000","000.000","000.000","000.000","000.000","000.000","000.000","000.000","000.000","000.000","000.000","000.000","000.000",,"000.000","000.000","000.000","000.000","000.000","000.000","000.000","000.000","000.000","000.000","000.000",,,,
03:00 - 00:00,Alis," 000.000"," 000.001"," 000.000"," 000.001"," 000.001"," 000.000"," 000.000"," 000.000"," 000.001"," 000.001"," 000.001"," 000.001"," 000.000"," 000.000"," 000.000"," 000.001",," 000.001"," 000.000"," 000.001"," 000.001"," 000.001"," 000.000"," 000.001"," 000.001"," 000.000"," 000.000"," 000.001",,,,
03:00 - 00:00,Veris,"000.000","000.000","000.000","000.000","000.000","000.000","000.000","000.000","000.000","000.000","000.000","000.000","000.000","000.000","000.000","000.000",,"000.000","000.000","000.000","000.000","000.000","000.000","000.000","000.000","000.000","000.000","000.000",,,,
03:00 - 00:15,Alis," 000.000"," 000.000"," 000.000"," 000.000"," 000.000"," 000.000"," 000.001"," 000.000"," 000.000"," 000.000"," 000.000"," 000.000"," 000.000"," 000.000"," 000.001"," 000.000",," 000.000"," 000.001"," 000.000"," 000.000"," 000.000"," 000.001"," 000.000"," 000.000"," 000.001"," 000.001"," 000.000",,,,
03:00 - 00:15,Veris,"000.000","000.000","000.000","000.000","000.000","000.000","000.000","000.000","000.000","000.000","000.000","000.000","000.000","000.000","000.000","000.000",,"000.000","000.000","000.000","000.000","000.000","000.000","000.000","000.000","000.000","000.000","000.000",,,,
03:00 - 00:30,Alis," 000.001"," 000.000"," 000.001"," 000.000"," 000.000"," 000.000"," 000.000"," 000.001"," 000.000"," 000.000"," 000.000"," 000.000"," 000.001"," 000.001"," 000.000"," 000.000",," 000.000"," 000.000"," 000.000"," 000.000"," 000.000"," 000.000"," 000.001"," 000.000"," 000.000"," 000.000"," 000.000",,,,
03:00 - 00:30,Veris,"000.000","000.000","000.000","000.000","000.000","000.000","000.000","000.000","000.000","000.000","000.000","000.000","000.000","000.000","000.000","000.000",,"000.000","000.000","000.000","000.000","000.000","000.000","000.000","000.000","000.000","000.000","000.000",,,,
03:00 - 00:45,Alis," 000.000"," 000.000"," 000.000"," 000.001"," 000.001"," 000.001"," 000.000"," 000.000"," 000.000"," 000.001"," 000.001"," 000.001"," 000.000"," 000.000"," 000.000"," 000.000",," 000.001"," 000.000"," 000.001"," 000.001"," 000.001"," 000.000"," 000.000"," 000.001"," 000.000"," 000.000"," 000.001",,,,
03:00 - 00:45,Veris,"000.000","000.000","000.000","000.000","000.000","000.000","000.000","000.000","000.000","000.000","000.000","000.000","000.000","000.000","000.000","000.000",,"000.000","000.000","000.000","000.000","000.000","000.000","000.000","000.000","000.000","000.000","000.000",,,,
04:00 - 00:00,Alis," 000.000"," 000.001"," 000.000"," 000.000"," 000.000"," 000.000"," 000.001"," 000.000"," 000.001"," 000.000"," 000.000"," 000.000"," 000.000"," 000.000"," 000.001"," 000.001",," 000.000"," 000.001"," 000.000"," 000.000"," 000.000"," 000.001"," 000.000"," 000.000"," 000.001"," 000.001"," 000.000",,,,
04:00 - 00:00,Veris,"000.000","000.000","000.000","000.000","000.000","000.000","000.000","000.000","000.000","000.000","000.000","000.000","000.000","000.000","000.000","000.000",,"000.000","000.000","000.000","000.000","000.000","000.000","000.000","000.000","000.000","000.000","000.000",,,,
04:00 - 00:15,Alis," 000.001"," 000.000"," 000.001"," 000.000"," 000.000"," 000.000"," 000.000"," 000.001"," 000.000"," 000.000"," 000.000"," 000.000"," 000.001"," 000.000"," 000.000"," 000.000",," 000.001"," 000.000"," 000.000"," 000.000"," 000.000"," 000.000"," 000.001"," 000.000"," 000.000"," 000.000"," 000.001",,,,
04:00 - 00:15,Veris,"000.000","000.000","000.000","000.000","000.000","000.000","000.000","000.000","000.000","000.000","000.000","000.000","000.000","000.000","000.000","000.000",,"000.000","000.000","000.000","000.000","000.000","000.000","000.000","000.000","000.000","000.000","000.000",,,,
04:00 - 00:30,Alis," 000.000"," 000.000"," 000.000"," 000.001"," 000.001"," 000.000"," 000.000"," 000.000"," 000.000"," 000.001"," 000.001"," 000.001"," 000.000"," 000.001"," 000.000"," 000.000",," 000.000"," 000.000"," 000.001"," 000.001"," 000.001"," 000.000"," 000.000"," 000.001"," 000.001"," 000.001"," 000.000",,,,
04:00 - 00:30,Veris,"000.000","000.000","000.000","000.000","000.000","000.000","000.000","000.000","000.000","000.000","000.000","000.000","000.000","000.000","000.000","000.000",,"000.000","000.000","000.000","000.000","000.000","000.000","000.000","000.000","000.000","000.000","000.000",,,,
04:00 - 00:45,Alis," 000.000"," 000.001"," 000.000"," 000.000"," 000.000"," 000.001"," 000.001"," 000.000"," 000.001"," 000.000"," 000.000"," 000.000"," 000.000"," 000.000"," 000.001"," 000.001",," 000.000"," 000.001"," 000.000"," 000.000"," 000.000"," 000.001"," 000.000"," 000.000"," 000.000"," 000.000"," 000.000",,,,
04:00 - 00:45,Veris,"000.000","000.000","000.000","000.000","000.000","000.000","000.000","000.000","000.000","000.000","000.000","000.000","000.000","000.000","000.000","000.000",,"000.000","000.000","000.000","000.000","000.000","000.000","000.000","000.000","000.000","000.000","000.000",,,,
05:00 - 00:00,Alis," 000.001"," 000.000"," 000.001"," 000.000"," 000.000"," 000.000"," 000.000"," 000.001"," 000.000"," 000.000"," 000.000"," 000.000"," 000.001"," 000.000"," 000.000"," 000.000",," 000.001"," 000.000"," 000.000"," 000.000"," 000.000"," 000.000"," 000.001"," 000.000"," 000.000"," 000.000"," 000.001",,,,
05:00 - 00:00,Veris,"000.000","000.000","000.000","000.000","000.000","000.000","000.000","000.000","000.000","000.000","000.000","000.000","000.000","000.000","000.000","000.000",,"000.000","000.000","000.000","000.000","000.000","000.000","000.000","000.000","000.000","000.000","000.000",,,,
05:00 - 00:15,Alis," 000.000"," 000.000"," 000.000"," 000.001"," 000.000"," 000.000"," 000.000"," 000.000"," 000.000"," 000.000"," 000.000"," 000.001"," 000.000"," 000.001"," 000.000"," 000.000",," 000.000"," 000.001"," 000.001"," 000.001"," 000.001"," 000.001"," 000.000"," 000.001"," 000.001"," 000.001"," 000.000",,,,
05:00 - 00:15,Veris,"000.000","000.000","000.000","000.000","000.000","000.000","000.000","000.000","000.000","000.000","000.000","000.000","000.000","000.000","000.000","000.000",,"000.000","000.000","000.000","000.000","000.000","000.000","000.000","000.000","000.000","000.000","000.000",,,,
05:00 - 00:30,Alis," 000.000"," 000.001"," 000.000"," 000.000"," 000.001"," 000.001"," 000.001"," 000.000"," 000.001"," 000.001"," 000.001"," 000.000"," 000.000"," 000.000"," 000.001"," 000.001",," 000.000"," 000.000"," 000.000"," 000.000"," 000.000"," 000.000"," 000.000"," 000.000"," 000.000"," 000.000"," 000.000",,,,
05:00 - 00:30,Veris,"000.000","000.000","000.000","000.000","000.000","000.000","000.000","000.000","000.000","000.000","000.000","000.000","000.000","000.000","000.000","000.000",,"000.000","000.000","000.000","000.000","000.000","000.000","000.000","000.000","000.000","000.000","000.000",,,,
05:00 - 00:45,Alis," 000.001"," 000.000"," 000.001"," 000.000"," 000.000"," 000.000"," 000.000"," 000.000"," 000.000"," 000.000"," 000.000"," 000.000"," 000.000"," 000.000"," 000.000"," 000.000",," 000.001"," 000.000"," 000.001"," 000.000"," 000.000"," 000.000"," 000.001"," 000.000"," 000.000"," 000.000"," 000.001",,,,
05:00 - 00:45,Veris,"000.000","000.000","000.000","000.000","000.000","000.000","000.000","000.000","000.000","000.000","000.000","000.000","000.000","000.000","000.000","000.000",,"000.000","000.000","000.000","000.000","000.000","000.000","000.000","000.000","000.000","000.000","000.000",,,,
06:00 - 00:00,Alis," 000.000"," 000.000"," 000.000"," 000.001"," 000.000"," 000.000"," 000.000"," 000.001"," 000.000"," 000.000"," 000.000"," 000.001"," 000.001"," 000.001"," 000.000"," 000.000",," 000.000"," 000.001"," 000.000"," 000.001"," 000.001"," 000.001"," 000.000"," 000.001"," 000.001"," 000.001"," 000.000",,,,
06:00 - 00:00,Veris,"000.000","000.000","000.000","000.000","000.000","000.000","000.000","000.000","000.000","000.000","000.000","000.000","000.000","000.000","000.000","000.000",,"000.000","000.000","000.000","000.000","000.000","000.000","000.000","000.000","000.000","000.000","000.000",,,,
06:00 - 00:15,Alis," 000.000"," 000.001"," 000.000"," 000.000"," 000.001"," 000.001"," 000.000"," 000.000"," 000.000"," 000.001"," 000.001"," 000.000"," 000.000"," 000.000"," 000.000"," 000.001",," 000.000"," 000.000"," 000.000"," 000.000"," 000.000"," 000.000"," 000.001"," 000.000"," 000.000"," 000.000"," 000.000",,,,
06:00 - 00:15,Veris,"000.000","000.000","000.000","000.000","000.000","000.000","000.000","000.000","000.000","000.000","000.000","000.000","000.000","000.000","000.000","000.000",,"000.000","000.000","000.000","000.000","000.000","000.000","000.000","000.000","000.000","000.000","000.000",,,,
06:00 - 00:30,Alis," 000.001"," 000.000"," 000.001"," 000.000"," 000.000"," 000.000"," 000.001"," 000.000"," 000.001"," 000.000"," 000.000"," 000.000"," 000.000"," 000.000"," 000.001"," 000.000",," 000.001"," 000.000"," 000.001"," 000.000"," 000.000"," 000.000"," 000.000"," 000.001"," 000.000"," 000.000"," 000.001",,,,
06:00 - 00:30,Veris,"000.000","000.000","000.000","000.000","000.000","000.000","000.000","000.000","000.000","000.000","000.000","000.000","000.000","000.000","000.000","000.000",,"000.000","000.000","000.000","000.000","000.000","000.000","000.000","000.000","000.000","000.000","000.000",,,,
06:00 - 00:45,Alis," 000.000"," 000.000"," 000.000"," 000.001"," 000.000"," 000.000"," 000.000"," 000.001"," 000.000"," 000.000"," 000.000"," 000.000"," 000.001"," 000.001"," 000.000"," 000.000",," 000.000"," 000.001"," 000.000"," 000.001"," 000.001"," 000.001"," 000.000"," 000.000"," 000.001"," 000.001"," 000.000",,,,
06:00 - 00:45,Veris,"000.000","000.000","000.000","000.000","000.000","000.000","000.000","000.000","000.000","000.000","000.000","000.000","000.000","000.000","000.000","000.000",,"000.000","000.000","000.000","000.000","000.000","000.000","000.000","000.000","000.000","000.000","000.000",,,,
07:00 - 00:00,Alis," 000.000"," 000.000"," 000.000"," 000.000"," 000.001"," 000.000"," 000.000"," 000.000"," 000.000"," 000.001"," 000.001"," 000.001"," 000.000"," 000.000"," 000.000"," 000.001",," 000.000"," 000.000"," 000.000"," 000.000"," 000.000"," 000.000"," 000.001"," 000.000"," 000.000"," 000.000"," 000.000",,,,
07:00 - 00:00,Veris,"000.000","000.000","000.000","000.000","000.000","000.000","000.000","000.000","000.000","000.000","000.000","000.000","000.000","000.000","000.000","000.000",,"000.000","000.000","000.000","000.000","000.000","000.000","000.000","000.000","000.000","000.000","000.000",,,,
07:00 - 00:15,Alis," 000.001"," 000.001"," 000.001"," 000.000"," 000.000"," 000.001"," 000.001"," 000.000"," 000.001"," 000.000"," 000.000"," 000.000"," 000.000"," 000.000"," 000.001"," 000.000",," 000.001"," 000.000"," 000.001"," 000.000"," 000.000"," 000.000"," 000.000"," 000.001"," 000.000"," 000.000"," 000.001",,,,
07:00 - 00:15,Veris,"000.000","000.000","000.000","000.000","000.000","000.000","000.000","000.000","000.000","000.000","000.000","000.000","000.000","000.000","000.000","000.000",,"000.000","000.000","000.000","000.000","000.000","000.000","000.000","000.000","000.000","000.000","000.000",,,,
07:00 - 00:30,Alis," 000.000"," 000.000"," 000.000"," 000.001"," 000.000"," 000.000"," 000.000"," 000.001"," 000.000"," 000.000"," 000.000"," 000.000"," 000.000"," 000.000"," 000.000"," 000.000",," 000.000"," 000.001"," 000.000"," 000.001"," 000.001"," 000.001"," 000.000"," 000.000"," 000.001"," 000.001"," 000.000",,,,
07:00 - 00:30,Veris,"000.000","000.000","000.000","000.000","000.000","000.000","000.000","000.000","000.000","000.000","000.000","000.000","000.000","000.000","000.000","000.000",,"000.000","000.000","000.000","000.000","000.000","000.000","000.000","000.000","000.000","000.000","000.000",,,,
07:00 - 00:45,Alis," 000.000"," 000.000"," 000.000"," 000.000"," 000.001"," 000.000"," 000.000"," 000.000"," 000.000"," 000.001"," 000.001"," 000.001"," 000.001"," 000.001"," 000.000"," 000.000",," 000.000"," 000.000"," 000.001"," 000.000"," 000.000"," 000.000"," 000.000"," 000.000"," 000.000"," 000.000"," 000.000",,,,
07:00 - 00:45,Veris,"000.000","000.000","000.000","000.000","000.000","000.000","000.000","000.000","000.000","000.000","000.000","000.000","000.000","000.000","000.000","000.000",,"000.000","000.000","000.000","000.000","000.000","000.000","000.000","000.000","000.000","000.000","000.000",,,,
08:00 - 00:00,Alis," 000.001"," 000.001"," 000.000"," 000.000"," 000.000"," 000.001"," 000.001"," 000.000"," 000.000"," 000.000"," 000.000"," 000.000"," 000.000"," 000.000"," 000.001"," 000.001",," 000.001"," 000.000"," 000.000"," 000.000"," 000.000"," 000.000"," 000.001"," 000.001"," 000.000"," 000.000"," 000.001",,,,
08:00 - 00:00,Veris,"000.000","000.000","000.000","000.000","000.000","000.000","000.000","000.000","000.000","000.000","000.000","000.000","000.000","000.000","000.000","000.000",,"000.000","000.000","000.000","000.000","000.000","000.000","000.000","000.000","000.000","000.000","000.000",,,,
08:00 - 00:15,Alis," 000.000"," 000.000"," 000.001"," 000.001"," 000.000"," 000.000"," 000.000"," 000.001"," 000.001"," 000.000"," 000.000"," 000.000"," 000.000"," 000.000"," 000.000"," 000.000",," 000.000"," 000.001"," 000.000"," 000.001"," 000.001"," 000.001"," 000.000"," 000.000"," 000.001"," 000.001"," 000.000",,,,
08:00 - 00:15,Veris,"000.000","000.000","000.000","000.000","000.000","000.000","000.000","000.000","000.000","000.000","000.000","000.000","000.000","000.000","000.000","000.000",,"000.000","000.000","000.000","000.000","000.000","000.000","000.000","000.000","000.000","000.000","000.000",,,,
08:00 - 00:30,Alis," 000.000"," 000.000"," 000.000"," 000.000"," 000.000"," 000.000"," 000.000"," 000.000"," 000.000"," 000.000"," 000.000"," 000.000"," 000.001"," 000.001"," 000.000"," 000.000",," 000.000"," 000.000"," 000.001"," 000.000"," 000.000"," 000.000"," 000.000"," 000.000"," 000.000"," 000.000"," 000.000",,,,
08:00 - 00:30,Veris,"000.000","000.000","000.000","000.000","000.000","000.000","000.000","000.000","000.000","000.000","000.000","000.000","000.000","000.000","000.000","000.000",,"000.000","000.000","000.000","000.000","000.000","000.000","000.000","000.000","000.000","000.000","000.000",,,,
08:00 - 00:45,Alis," 000.001"," 000.000"," 000.000"," 000.000"," 000.001"," 000.000"," 000.000"," 000.000"," 000.000"," 000.001"," 000.001"," 000.001"," 000.000"," 000.000"," 000.000"," 000.001",," 000.001"," 000.000"," 000.000"," 000.000"," 000.000"," 000.000"," 000.001"," 000.001"," 000.000"," 000.000"," 000.001",,,,
08:00 - 00:45,Veris,"000.000","000.000","000.000","000.000","000.000","000.000","000.000","000.000","000.000","000.000","000.000","000.000","000.000","000.000","000.000","000.000",,"000.000","000.000","000.000","000.000","000.000","000.000","000.000","000.000","000.000","000.000","000.000",,,,
09:00 - 00:00,Alis," 000.000"," 000.001"," 000.000"," 000.000"," 000.000"," 000.001"," 000.001"," 000.000"," 000.001"," 000.000"," 000.000"," 000.000"," 000.000"," 000.000"," 000.001"," 000.000",," 000.000"," 000.001"," 000.000"," 000.001"," 000.001"," 000.001"," 000.000"," 000.000"," 000.001"," 000.001"," 000.000",,,,
09:00 - 00:00,Veris,"000.000","000.000","000.000","000.000","000.000","000.000","000.000","000.000","000.000","000.019","000.018","000.017","000.000","000.000","000.000","000.000",,"000.000","000.000","000.000","000.000","000.000","000.000","000.000","000.000","000.000","000.000","000.000",,,,
09:00 - 00:15,Alis," 000.000"," 000.000"," 000.001"," 000.001"," 000.000"," 000.000"," 000.000"," 000.001"," 000.000"," 000.000"," 000.000"," 000.000"," 000.000"," 000.000"," 000.000"," 000.000",," 000.000"," 000.000"," 000.001"," 000.000"," 000.000"," 000.000"," 000.000"," 000.000"," 000.000"," 000.000"," 000.000",,,,
09:00 - 00:15,Veris,"000.000","000.000","000.000","000.000","000.000","000.000","000.000","000.000","000.000","000.080","000.079","000.080","000.000","000.000","000.000","000.000",,"000.000","000.000","000.000","000.000","000.000","000.000","000.000","000.000","000.000","000.000","000.000",,,,
09:00 - 00:30,Alis," 000.000"," 000.000"," 000.000"," 000.000"," 000.001"," 000.000"," 000.000"," 000.000"," 000.000"," 000.000"," 000.000"," 000.000"," 000.001"," 000.001"," 000.000"," 000.000",," 000.001"," 000.000"," 000.000"," 000.000"," 000.000"," 000.000"," 000.001"," 000.001"," 000.000"," 000.000"," 000.000",,,,
09:00 - 00:30,Veris,"000.000","000.000","000.000","000.000","000.000","000.000","000.000","000.000","000.000","000.079","000.080","000.079","000.000","000.000","000.000","000.000",,"000.000","000.000","000.000","000.000","000.000","000.000","000.000","000.000","000.000","000.000","000.000",,,,
09:00 - 00:45,Alis," 000.001"," 000.001"," 000.000"," 000.000"," 000.000"," 000.000"," 000.001"," 000.000"," 000.000"," 000.000"," 000.000"," 000.000"," 000.000"," 000.000"," 000.001"," 000.001",," 000.000"," 000.000"," 000.000"," 000.001"," 000.000"," 000.000"," 000.000"," 000.000"," 000.001"," 000.001"," 000.001",,,,
09:00 - 00:45,Veris,"000.000","000.000","000.000","000.000","000.000","000.000","000.000","000.000","000.000","000.079","000.079","000.079","000.000","000.000","000.000","000.000",,"000.000","000.000","000.000","000.000","000.000","000.000","000.000","000.000","000.000","000.000","000.000",,,,
10:00 - 00:00,Alis," 000.000"," 000.000"," 000.001"," 000.000"," 000.000"," 000.001"," 000.000"," 000.001"," 000.001"," 000.000"," 000.000"," 000.000"," 000.000"," 000.000"," 000.000"," 000.000",," 000.000"," 000.001"," 000.001"," 000.000"," 000.001"," 000.001"," 000.000"," 000.000"," 000.000"," 000.000"," 000.000",,,,
10:00 - 00:00,Veris,"000.000","000.000","000.000","000.000","000.000","000.000","000.000","000.000","000.000","000.080","000.079","000.080","000.000","000.000","000.000","000.000",,"000.000","000.000","000.000","000.000","000.000","000.000","000.000","000.000","000.000","000.000","000.000",,,,
10:00 - 00:15,Alis," 000.000"," 000.000"," 000.000"," 000.001"," 000.000"," 000.000"," 000.000"," 000.000"," 000.000"," 000.000"," 000.000"," 000.000"," 000.000"," 000.000"," 000.000"," 000.000",," 000.001"," 000.000"," 000.000"," 000.000"," 000.000"," 000.000"," 000.001"," 000.001"," 000.000"," 000.000"," 000.000",,,,
10:00 - 00:15,Veris,"000.000","000.000","000.000","000.000","000.000","000.000","000.000","000.000","000.000","000.079","000.079","000.079","000.000","000.000","000.000","000.000",,"000.000","000.000","000.000","000.000","000.000","000.000","000.000","000.000","000.000","000.000","000.000",,,,
10:00 - 00:30,Alis," 000.001"," 000.000"," 000.000"," 000.000"," 000.001"," 000.000"," 000.001"," 000.000"," 000.000"," 000.000"," 000.000"," 000.000"," 000.001"," 000.001"," 000.000"," 000.001",," 000.000"," 000.000"," 000.000"," 000.001"," 000.000"," 000.000"," 000.000"," 000.000"," 000.001"," 000.001"," 000.001",,,,
10:00 - 00:30,Veris,"000.000","000.000","000.000","000.000","000.000","000.000","000.000","000.000","000.000","000.079","000.079","000.079","000.000","000.000","000.000","000.000",,"000.000","000.000","000.000","000.000","000.000","000.000","000.000","000.000","000.000","000.000","000.000",,,,
10:00 - 00:45,Alis," 000.000"," 000.001"," 000.000"," 000.000"," 000.000"," 000.000"," 000.000"," 000.000"," 000.001"," 000.000"," 000.000"," 000.000"," 000.000"," 000.000"," 000.001"," 000.000",," 000.000"," 000.001"," 000.001"," 000.000"," 000.001"," 000.001"," 000.000"," 000.000"," 000.000"," 000.000"," 000.000",,,,
10:00 - 00:45,Veris,"000.000","000.000","000.000","000.000","000.000","000.000","000.000","000.000","000.000","000.060","000.079","000.080","000.000","000.000","000.000","000.000",,"000.000","000.000","000.000","000.000","000.000","000.000","000.000","000.000","000.000","000.000","000.000",,,,
11:00 - 00:00,Alis," 000.000"," 000.000"," 000.001"," 000.001"," 000.000"," 000.001"," 000.000"," 000.001"," 000.000"," 000.000"," 000.000"," 000.000"," 000.000"," 000.000"," 000.000"," 000.000",," 000.001"," 000.000"," 000.000"," 000.000"," 000.000"," 000.000"," 000.000"," 000.001"," 000.000"," 000.000"," 000.000",,,,
11:00 - 00:00,Veris,"000.000","000.000","000.000","000.000","000.000","000.000","000.000","000.000","000.000","000.056","000.080","000.079","000.000","000.000","000.000","000.000",,"000.000","000.000","000.000","000.000","000.000","000.000","000.000","000.000","000.000","000.000","000.000",,,,
11:00 - 00:15,Alis," 000.000"," 000.000"," 000.000"," 000.000"," 000.001"," 000.000"," 000.000"," 000.000"," 000.000"," 000.000"," 000.000"," 000.000"," 000.001"," 000.000"," 000.000"," 000.001",," 000.000"," 000.000"," 000.000"," 000.001"," 000.000"," 000.000"," 000.001"," 000.000"," 000.001"," 000.000"," 000.001",,,,
11:00 - 00:15,Veris,"000.000","000.000","000.000","000.000","000.000","000.000","000.000","000.000","000.000","000.079","000.079","000.079","000.000","000.000","000.000","000.000",,"000.000","000.000","000.000","000.000","000.000","000.000","000.000","000.000","000.000","000.000","000.000",,,,
11:00 - 00:30,Alis," 000.001"," 000.000"," 000.000"," 000.000"," 000.000"," 000.000"," 000.001"," 000.000"," 000.000"," 000.000"," 000.000"," 000.000"," 000.000"," 000.001"," 000.000"," 000.000",," 000.000"," 000.001"," 000.001"," 000.000"," 000.001"," 000.001"," 000.000"," 000.000"," 000.000"," 000.001"," 000.000",,,,
11:00 - 00:30,Veris,"000.000","000.000","000.000","000.000","000.000","000.000","000.000","000.000","000.000","000.080","000.080","000.079","000.000","000.000","000.000","000.000",,"000.000","000.000","000.000","000.000","000.000","000.000","000.000","000.000","000.000","000.000","000.000",,,,
11:00 - 00:45,Alis," 000.000"," 000.001"," 000.000"," 000.000"," 000.000"," 000.001"," 000.000"," 000.001"," 000.001"," 000.000"," 000.000"," 000.000"," 000.000"," 000.000"," 000.001"," 000.000",," 000.001"," 000.000"," 000.000"," 000.000"," 000.000"," 000.000"," 000.000"," 000.001"," 000.000"," 000.000"," 000.000",,,,
11:00 - 00:45,Veris,"000.000","000.000","000.000","000.000","000.000","000.000","000.000","000.000","000.000","000.080","000.079","000.080","000.000","000.000","000.000","000.000",,"000.000","000.000","000.000","000.000","000.000","000.000","000.000","000.000","000.000","000.000","000.000",,,,
12:00 - 00:00,Alis," 000.000"," 000.000"," 000.001"," 000.001"," 000.000"," 000.000"," 000.000"," 000.000"," 000.000"," 000.000"," 000.000"," 000.000"," 000.000"," 000.000"," 000.000"," 000.001",," 000.000"," 000.000"," 000.000"," 000.001"," 000.000"," 000.000"," 000.001"," 000.000"," 000.000"," 000.000"," 000.000",,,,
12:00 - 00:00,Veris,"000.000","000.000","000.000","000.000","000.000","000.000","000.000","000.000","000.000","000.079","000.079","000.077","000.000","000.000","000.000","000.000",,"000.000","000.000","000.000","000.000","000.000","000.000","000.000","000.000","000.000","000.000","000.000",,,,
12:00 - 00:15,Alis," 000.001"," 000.000"," 000.000"," 000.000"," 000.001"," 000.000"," 000.001"," 000.000"," 000.000"," 000.000"," 000.000"," 000.000"," 000.001"," 000.000"," 000.000"," 000.000",," 000.000"," 000.000"," 000.000"," 000.000"," 000.001"," 000.000"," 000.000"," 000.000"," 000.001"," 000.001"," 000.001",,,,
12:00 - 00:15,Veris,"000.000","000.000","000.000","000.000","000.000","000.000","000.000","000.000","000.000","000.060","000.061","000.002","000.000","000.000","000.000","000.000",,"000.000","000.000","000.000","000.000","000.000","000.000","000.000","000.000","000.000","000.000","000.000",,,,
12:00 - 00:30,Alis," 000.000"," 000.000"," 000.000"," 000.000"," 000.000"," 000.000"," 000.000"," 000.000"," 000.001"," 000.000"," 000.000"," 000.000"," 000.000"," 000.001"," 000.001"," 000.000",," 000.001"," 000.001"," 000.001"," 000.000"," 000.000"," 000.001"," 000.000"," 000.001"," 000.000"," 000.000"," 000.000",,,,
12:00 - 00:30,Veris,"000.000","000.000","000.000","000.000","000.000","000.000","000.000","000.000","000.000","000.061","000.061","000.000","000.000","000.000","000.000","000.000",,"000.000","000.000","000.000","000.000","000.000","000.000","000.000","000.000","000.000","000.000","000.000",,,,
12:00 - 00:45,Alis," 000.000"," 000.001"," 000.000"," 000.000"," 000.000"," 000.001"," 000.000"," 000.001"," 000.000"," 000.000"," 000.000"," 000.001"," 000.000"," 000.000"," 000.000"," 000.001",," 000.000"," 000.000"," 000.000"," 000.000"," 000.000"," 000.000"," 000.001"," 000.000"," 000.000"," 000.000"," 000.000",,,,
12:00 - 00:45,Veris,"000.000","000.000","000.000","000.000","000.000","000.000","000.000","000.000","000.000","000.060","000.061","000.000","000.000","000.000","000.000","000.000",,"000.000","000.000","000.000","000.000","000.000","000.000","000.000","000.000","000.000","000.000","000.000",,,,
13:00 - 00:00,Alis," 000.000"," 000.000"," 000.001"," 000.001"," 000.000"," 000.000"," 000.000"," 000.000"," 000.000"," 000.000"," 000.000"," 000.000"," 000.000"," 000.000"," 000.000"," 000.000",," 000.000"," 000.000"," 000.000"," 000.001"," 000.000"," 000.000"," 000.000"," 000.000"," 000.000"," 000.001"," 000.001",,,,
13:00 - 00:00,Veris,"000.020","000.000","000.019","000.000","000.000","000.021","000.000","000.018","000.021","000.061","000.059","000.000","000.020","000.000","000.023","000.000",,"000.000","000.018","000.000","000.000","000.022","000.000","000.022","000.000","000.019","000.000","000.000",,,,
13:00 - 00:15,Alis," 000.000"," 000.000"," 000.000"," 000.000"," 000.001"," 000.000"," 000.001"," 000.000"," 000.000"," 000.000"," 000.000"," 000.000"," 000.000"," 000.001"," 000.000"," 000.000",," 000.000"," 000.000"," 000.001"," 000.000"," 000.000"," 000.001"," 000.000"," 000.000"," 000.000"," 000.000"," 000.000",,,,
13:00 - 00:15,Veris,"000.078","000.000","000.080","000.000","000.000","000.079","000.000","000.079","000.079","000.004","000.001","000.000","000.079","000.000","000.081","000.000",,"000.000","000.080","000.000","000.000","000.078","000.000","000.079","000.000","000.079","000.000","000.000",,,,
13:00 - 00:30,Alis," 000.000"," 000.000"," 000.000"," 000.000"," 000.000"," 000.000"," 000.000"," 000.000"," 000.000"," 000.000"," 000.000"," 000.000"," 000.000"," 000.000"," 000.000"," 000.001",," 000.001"," 000.000"," 000.000"," 000.000"," 000.000"," 000.000"," 000.000"," 000.001"," 000.000"," 000.000"," 000.000",,,,
13:00 - 00:30,Veris,"000.079","000.000","000.079","000.000","000.000","000.079","000.000","000.078","000.079","000.000","000.000","000.000","000.079","000.000","000.080","000.000",,"000.000","000.080","000.000","000.000","000.079","000.000","000.079","000.000","000.079","000.000","000.000",,,,
13:00 - 00:45,Alis," 000.000"," 000.001"," 000.000"," 000.001"," 000.000"," 000.000"," 000.000"," 000.000"," 000.000"," 000.001"," 000.001"," 000.000"," 000.000"," 000.000"," 000.000"," 000.000",," 000.000"," 000.000"," 000.000"," 000.001"," 000.000"," 000.000"," 000.000"," 000.000"," 000.000"," 000.000"," 000.001",,,,
13:00 - 00:45,Veris,"000.079","000.000","000.080","000.000","000.000","000.079","000.000","000.079","000.079","000.000","000.000","000.000","000.079","000.000","000.080","000.000",,"000.000","000.080","000.000","000.000","000.079","000.000","000.079","000.000","000.080","000.000","000.000",,,,
14:00 - 00:00,Alis," 000.000"," 000.000"," 000.000"," 000.000"," 000.001"," 000.000"," 000.001"," 000.000"," 000.000"," 000.000"," 000.000"," 000.001"," 000.000"," 000.000"," 000.000"," 000.000",," 000.000"," 000.000"," 000.001"," 000.000"," 000.000"," 000.001"," 000.000"," 000.000"," 000.000"," 000.001"," 000.000",,,,
14:00 - 00:00,Veris,"000.079","000.000","000.079","000.020","000.000","000.078","000.000","000.079","000.079","000.000","000.000","000.000","000.080","000.000","000.080","000.000",,"000.000","000.080","000.000","000.000","000.078","000.000","000.079","000.000","000.079","000.000","000.000",,,,
14:00 - 00:15,Alis," 000.000"," 000.000"," 000.000"," 000.000"," 000.000"," 000.000"," 000.000"," 000.000"," 000.000"," 000.000"," 000.000"," 000.000"," 000.000"," 000.001"," 000.000"," 000.001",," 000.001"," 000.000"," 000.000"," 000.000"," 000.000"," 000.000"," 000.000"," 000.001"," 000.000"," 000.000"," 000.000",,,,
14:00 - 00:15,Veris,"000.078","000.000","000.079","000.080","000.000","000.061","000.000","000.078","000.079","000.000","000.000","000.000","000.079","000.000","000.080","000.000",,"000.000","000.080","000.000","000.000","000.079","000.000","000.079","000.000","000.079","000.000","000.000",,,,
14:00 - 00:30,Alis," 000.000"," 000.000"," 000.000"," 000.000"," 000.000"," 000.000"," 000.000"," 000.000"," 000.000"," 000.000"," 000.000"," 000.000"," 000.000"," 000.000"," 000.000"," 000.000",," 000.000"," 000.000"," 000.000"," 000.001"," 000.000"," 000.000"," 000.000"," 000.000"," 000.000"," 000.000"," 000.000",,,,
14:00 - 00:30,Veris,"000.079","000.000","000.079","000.079","000.000","000.060","000.000","000.079","000.079","000.000","000.000","000.000","000.080","000.000","000.080","000.000",,"000.000","000.080","000.000","000.000","000.079","000.000","000.079","000.000","000.079","000.000","000.000",,,,
14:00 - 00:45,Alis," 000.000"," 000.001"," 000.000"," 000.000"," 000.000"," 000.000"," 000.001"," 000.000"," 000.000"," 000.000"," 000.001"," 000.000"," 000.000"," 000.000"," 000.000"," 000.000",," 000.000"," 000.000"," 000.001"," 000.000"," 000.000"," 000.001"," 000.000"," 000.000"," 000.000"," 000.001"," 000.001",,,,
14:00 - 00:45,Veris,"000.079","000.000","000.080","000.079","000.000","000.061","000.000","000.078","000.079","000.000","000.000","000.000","000.079","000.000","000.079","000.000",,"000.000","000.080","000.000","000.000","000.078","000.000","000.079","000.000","000.079","000.000","000.000",,,,
15:00 - 00:00,Alis," 000.000"," 000.000"," 000.000"," 000.000"," 000.001"," 000.000"," 000.000"," 000.000"," 000.000"," 000.001"," 000.000"," 000.001"," 000.000"," 000.000"," 000.000"," 000.000",," 000.001"," 000.000"," 000.000"," 000.000"," 000.000"," 000.000"," 000.000"," 000.001"," 000.000"," 000.000"," 000.000",,,,
15:00 - 00:00,Veris,"000.079","000.000","000.078","000.079","000.000","000.060","000.000","000.079","000.077","000.000","000.000","000.000","000.079","000.000","000.080","000.000",,"000.000","000.080","000.000","000.000","000.079","000.000","000.078","000.000","000.077","000.000","000.018",,,,
15:00 - 00:15,Alis," 000.000"," 000.000"," 000.000"," 000.000"," 000.000"," 000.000"," 000.000"," 000.000"," 000.000"," 000.000"," 000.000"," 000.000"," 000.000"," 000.001"," 000.000"," 000.001"," 000.000"," 000.000"," 000.000"," 000.000"," 000.000"," 000.000"," 000.000"," 000.000"," 000.000"," 000.000"," 000.000"," 000.000",,,,
15:00 - 00:15,Veris,"000.016","000.000","000.004","000.080","000.000","000.060","000.000","000.079","000.003","000.000","000.000","000.000","000.080","000.000","000.080","000.000","000.000","000.000","000.079","000.000","000.000","000.079","000.000","000.060","000.000","000.061","000.000","000.080",,,,
15:00 - 00:30,Alis," 000.001"," 000.001"," 000.000"," 000.000"," 000.000"," 000.000"," 000.000"," 000.000"," 000.000"," 000.000"," 000.000"," 000.000"," 000.000"," 000.000"," 000.000"," 000.000"," 000.001"," 000.000"," 000.000"," 000.001"," 000.001"," 000.000"," 000.001"," 000.000"," 000.000"," 000.000"," 000.001"," 000.000",,,,
15:00 - 00:30,Veris,"000.000","000.000","000.000","000.079","000.000","000.061","000.000","000.079","000.000","000.000","000.000","000.000","000.079","000.000","000.080","000.000","000.000","000.000","000.080","000.000","000.000","000.078","000.000","000.059","000.000","000.061","000.000","000.079",,,,
15:00 - 00:45,Alis," 000.000"," 000.000"," 000.000"," 000.000"," 000.000"," 000.000"," 000.001"," 000.000"," 000.001"," 000.000"," 000.001"," 000.000"," 000.000"," 000.000"," 000.000"," 000.000"," 000.000"," 000.001"," 000.000"," 000.000"," 000.000"," 000.000"," 000.000"," 000.000"," 000.001"," 000.000"," 000.000"," 000.000",,,,
15:00 - 00:45,Veris,"000.000","000.000","000.000","000.079","000.000","000.060","000.000","000.079","000.000","000.000","000.000","000.000","000.079","000.000","000.080","000.000","000.000","000.000","000.080","000.000","000.000","000.079","000.000","000.060","000.000","000.061","000.000","000.079",,,,
16:00 - 00:00,Alis," 000.000"," 000.000"," 000.000"," 000.000"," 000.001"," 000.000"," 000.000"," 000.000"," 000.000"," 000.001"," 000.000"," 000.000"," 000.000"," 000.000"," 000.000"," 000.001"," 000.001"," 000.000"," 000.000"," 000.000"," 000.000"," 000.000"," 000.000"," 000.000"," 000.000"," 000.000"," 000.000"," 000.000",,,,
16:00 - 00:00,Veris,"000.000","000.000","000.000","000.079","000.000","000.060","000.000","000.077","000.000","000.000","000.000","000.000","000.079","000.000","000.079","000.000","000.000","000.000","000.079","000.000","000.000","000.079","000.000","000.058","000.000","000.058","000.000","000.079",,,,
16:00 - 00:15,Alis," 000.000"," 000.000"," 000.001"," 000.000"," 000.000"," 000.000"," 000.000"," 000.000"," 000.000"," 000.000"," 000.000"," 000.001"," 000.000"," 000.001"," 000.000"," 000.000"," 000.000"," 000.000"," 000.001"," 000.001"," 000.001"," 000.000"," 000.001"," 000.000"," 000.000"," 000.001"," 000.000"," 000.000",,,,
16:00 - 00:15,Veris,"000.000","000.000","000.000","000.007","000.000","000.002","000.000","000.004","000.000","000.000","000.000","000.000","000.007","000.000","000.080","000.000","000.000","000.000","000.005","000.000","000.000","000.060","000.000","000.002","000.000","000.001","000.000","000.079",,,,
16:00 - 00:30,Alis," 000.001"," 000.001"," 000.000"," 000.000"," 000.000"," 000.000"," 000.001"," 000.000"," 000.000"," 000.000"," 000.000"," 000.000"," 000.001"," 000.000"," 000.000"," 000.000"," 000.000"," 000.001"," 000.000"," 000.000"," 000.000"," 000.000"," 000.000"," 000.000"," 000.001"," 000.000"," 000.001"," 000.000",,,,
16:00 - 00:30,Veris,"000.000","000.000","000.000","000.000","000.000","000.000","000.000","000.000","000.000","000.000","000.000","000.000","000.000","000.000","000.080","000.000","000.000","000.000","000.000","000.000","000.000","000.059","000.000","000.000","000.000","000.000","000.000","000.079",,,,
16:00 - 00:45,Alis," 000.000"," 000.000"," 000.000"," 000.000"," 000.001"," 000.000"," 000.000"," 000.001"," 000.001"," 000.000"," 000.001"," 000.000"," 000.000"," 000.000"," 000.000"," 000.001"," 000.001"," 000.000"," 000.000"," 000.000"," 000.000"," 000.000"," 000.000"," 000.001"," 000.000"," 000.001"," 000.000"," 000.000",,,,
16:00 - 00:45,Veris,"000.000","000.000","000.000","000.000","000.000","000.000","000.000","000.000","000.000","000.000","000.000","000.000","000.000","000.000","000.080","000.000","000.000","000.000","000.000","000.000","000.000","000.060","000.000","000.000","000.000","000.000","000.000","000.079",,,,
17:00 - 00:00,Alis," 000.000"," 000.000"," 000.000"," 000.001"," 000.000"," 000.001"," 000.000"," 000.000"," 000.000"," 000.001"," 000.000"," 000.000"," 000.000"," 000.001"," 000.000"," 000.000"," 000.000"," 000.000"," 000.000"," 000.001"," 000.001"," 000.000"," 000.001"," 000.000"," 000.000"," 000.000"," 000.000"," 000.000",,,,
17:00 - 00:00,Veris,"000.000","000.000","000.000","000.000","000.000","000.000","000.000","000.000","000.000","000.000","000.000","000.000","000.000","000.000","000.079","000.000","000.023","000.000","000.000","000.000","000.000","000.059","000.000","000.000","000.000","000.000","000.000","000.077",,,,
17:00 - 00:15,Alis," 000.000"," 000.001"," 000.001"," 000.000"," 000.000"," 000.000"," 000.000"," 000.000"," 000.000"," 000.000"," 000.000"," 000.001"," 000.000"," 000.000"," 000.000"," 000.000"," 000.000"," 000.001"," 000.001"," 000.000"," 000.000"," 000.001"," 000.000"," 000.000"," 000.000"," 000.000"," 000.001"," 000.000",,,,
17:00 - 00:15,Veris,"000.000","000.000","000.000","000.000","000.000","000.000","000.000","000.000","000.000","000.000","000.000","000.000","000.000","000.000","000.061","000.000","000.080","000.000","000.000","000.000","000.000","000.003","000.000","000.000","000.000","000.000","000.000","000.061",,,,
17:00 - 00:30,Alis," 000.001"," 000.000"," 000.000"," 000.000"," 000.000"," 000.000"," 000.001"," 000.001"," 000.000"," 000.000"," 000.000"," 000.000"," 000.001"," 000.000"," 000.000"," 000.000"," 000.000"," 000.000"," 000.000"," 000.000"," 000.000"," 000.000"," 000.000"," 000.001"," 000.001"," 000.000"," 000.000"," 000.000",,,,
17:00 - 00:30,Veris,"000.000","000.000","000.000","000.000","000.000","000.000","000.000","000.000","000.000","000.000","000.000","000.000","000.000","000.000","000.061","000.000","000.080","000.000","000.000","000.000","000.000","000.000","000.000","000.000","000.000","000.000","000.000","000.060",,,,
17:00 - 00:45,Alis," 000.000"," 000.000"," 000.000"," 000.001"," 000.001"," 000.000"," 000.000"," 000.000"," 000.000"," 000.000"," 000.001"," 000.000"," 000.000"," 000.000"," 000.000"," 000.001"," 000.000"," 000.000"," 000.000"," 000.001"," 000.001"," 000.000"," 000.001"," 000.000"," 000.000"," 000.001"," 000.000"," 000.000",,,,
17:00 - 00:45,Veris,"000.000","000.000","000.000","000.000","000.000","000.000","000.000","000.000","000.000","000.000","000.000","000.000","000.000","000.000","000.060","000.000","000.080","000.000","000.000","000.000","000.000","000.000","000.000","000.000","000.000","000.000","000.000","000.061",,,,
18:00 - 00:00,Alis," 000.000"," 000.000"," 000.000"," 000.000"," 000.000"," 000.001"," 000.000"," 000.000"," 000.001"," 000.001"," 000.000"," 000.000"," 000.000"," 000.001"," 000.000"," 000.000"," 000.000"," 000.001"," 000.001"," 000.000"," 000.000"," 000.000"," 000.000"," 000.000"," 000.000"," 000.000"," 000.001"," 000.000",,,,
18:00 - 00:00,Veris,"000.000","000.000","000.000","000.000","000.000","000.000","000.000","000.000","000.000","000.000","000.000","000.000","000.000","000.000","000.059","000.000","000.079","000.000","000.000","000.000","000.000","000.000","000.000","000.000","000.000","000.000","000.000","000.060",,,,
18:00 - 00:15,Alis," 000.001"," 000.001"," 000.001"," 000.000"," 000.000"," 000.000"," 000.001"," 000.001"," 000.000"," 000.000"," 000.000"," 000.001"," 000.000"," 000.000"," 000.000"," 000.000"," 000.000"," 000.000"," 000.000"," 000.000"," 000.000"," 000.001"," 000.000"," 000.001"," 000.001"," 000.000"," 000.000"," 000.000",,,,
18:00 - 00:15,Veris,"000.000","000.000","000.000","000.000","000.000","000.000","000.000","000.000","000.000","000.000","000.000","000.000","000.000","000.000","000.001","000.000","000.080","000.000","000.000","000.000","000.000","000.000","000.000","000.000","000.000","000.000","000.000","000.005",,,,
18:00 - 00:30,Alis," 000.000"," 000.000"," 000.000"," 000.000"," 000.001"," 000.000"," 000.000"," 000.000"," 000.000"," 000.000"," 000.000"," 000.000"," 000.001"," 000.000"," 000.000"," 000.001"," 000.000"," 000.000"," 000.000"," 000.001"," 000.001"," 000.000"," 000.001"," 000.000"," 000.000"," 000.001"," 000.000"," 000.001",,,,
18:00 - 00:30,Veris,"000.000","000.000","000.000","000.000","000.000","000.000","000.000","000.000","000.000","000.000","000.000","000.000","000.000","000.000","000.000","000.000","000.079","000.000","000.000","000.000","000.000","000.000","000.000","000.000","000.000","000.000","000.000","000.000",,,,
18:00 - 00:45,Alis," 000.000"," 000.000"," 000.000"," 000.001"," 000.000"," 000.001"," 000.000"," 000.000"," 000.001"," 000.001"," 000.001"," 000.000"," 000.000"," 000.001"," 000.001"," 000.000"," 000.000"," 000.001"," 000.001"," 000.000"," 000.000"," 000.000"," 000.000"," 000.000"," 000.000"," 000.000"," 000.001"," 000.000",,,,
18:00 - 00:45,Veris,"000.000","000.000","000.000","000.000","000.000","000.000","000.000","000.000","000.000","000.000","000.000","000.000","000.000","000.000","000.000","000.000","000.080","000.000","000.000","000.000","000.000","000.000","000.000","000.000","000.000","000.000","000.000","000.000",,,,
19:00 - 00:00,Alis," 000.000"," 000.001"," 000.001"," 000.000"," 000.000"," 000.000"," 000.001"," 000.001"," 000.000"," 000.000"," 000.000"," 000.001"," 000.000"," 000.000"," 000.000"," 000.000"," 000.000"," 000.000"," 000.000"," 000.000"," 000.000"," 000.001"," 000.001"," 000.001"," 000.001"," 000.000"," 000.000"," 000.000",,,,
19:00 - 00:00,Veris,"000.000","000.000","000.000","000.000","000.000","000.000","000.000","000.000","000.000","000.000","000.000","000.000","000.000","000.000","000.000","000.000","000.079","000.000","000.000","000.000","000.000","000.000","000.000","000.000","000.000","000.000","000.000","000.000",,,,
19:00 - 00:15,Alis," 000.001"," 000.000"," 000.000"," 000.000"," 000.001"," 000.000"," 000.000"," 000.000"," 000.000"," 000.000"," 000.000"," 000.000"," 000.000"," 000.000"," 000.000",," 000.000"," 000.000"," 000.000"," 000.001"," 000.001"," 000.000"," 000.000"," 000.000"," 000.000"," 000.001"," 000.000"," 000.001",,,,
19:00 - 00:15,Veris,"000.000","000.000","000.000","000.000","000.000","000.000","000.000","000.000","000.000","000.000","000.000","000.000","000.000","000.000","000.000",,"000.080","000.000","000.000","000.000","000.000","000.000","000.000","000.000","000.000","000.000","000.000","000.000",,,,
19:00 - 00:30,Alis," 000.000"," 000.000"," 000.000"," 000.001"," 000.000"," 000.001"," 000.000"," 000.000"," 000.001"," 000.000"," 000.001"," 000.000"," 000.001"," 000.000"," 000.001",," 000.000"," 000.001"," 000.001"," 000.000"," 000.000"," 000.001"," 000.000"," 000.000"," 000.001"," 000.000"," 000.001"," 000.000",,,,
19:00 - 00:30,Veris,"000.000","000.000","000.000","000.000","000.000","000.000","000.000","000.000","000.000","000.000","000.000","000.000","000.000","000.000","000.000",,"000.081","000.000","000.000","000.000","000.000","000.000","000.000","000.000","000.000","000.000","000.000","000.000",,,,
19:00 - 00:45,Alis," 000.000"," 000.001"," 000.000"," 000.000"," 000.000"," 000.000"," 000.001"," 000.000"," 000.000"," 000.001"," 000.000"," 000.000"," 000.000"," 000.001"," 000.000",," 000.000"," 000.000"," 000.000"," 000.000"," 000.000"," 000.000"," 000.001"," 000.001"," 000.000"," 000.000"," 000.000"," 000.000",,,,
19:00 - 00:45,Veris,"000.000","000.000","000.000","000.000","000.000","000.000","000.000","000.000","000.000","000.000","000.000","000.000","000.000","000.000","000.000",,"000.080","000.000","000.000","000.000","000.000","000.000","000.000","000.000","000.000","000.000","000.000","000.000",,,,
20:00 - 00:00,Alis," 000.001"," 000.000"," 000.001"," 000.000"," 000.001"," 000.000"," 000.000"," 000.001"," 000.000"," 000.000"," 000.000"," 000.001"," 000.000"," 000.000"," 000.000"," 000.000"," 000.000"," 000.001"," 000.000"," 000.001"," 000.001"," 000.000"," 000.000"," 000.000"," 000.000"," 000.001"," 000.000"," 000.001",,,,
20:00 - 00:00,Veris,"000.000","000.000","000.000","000.000","000.000","000.000","000.000","000.000","000.000","000.000","000.000","000.000","000.000","000.000","000.000","000.000","000.080","000.000","000.000","000.000","000.000","000.000","000.000","000.000","000.000","000.000","000.000","000.000",,,,
20:00 - 00:15,Alis," 000.000"," 000.000"," 000.000"," 000.001"," 000.000"," 000.001"," 000.000"," 000.000"," 000.000"," 000.000"," 000.000"," 000.000"," 000.001"," 000.000"," 000.001"," 000.001"," 000.000"," 000.000"," 000.001"," 000.000"," 000.000"," 000.001"," 000.000"," 000.001"," 000.001"," 000.000"," 000.001"," 000.000",,,,
20:00 - 00:15,Veris,"000.000","000.000","000.000","000.000","000.000","000.000","000.000","000.000","000.000","000.000","000.000","000.000","000.000","000.000","000.000","000.000","000.080","000.000","000.000","000.000","000.000","000.000","000.000","000.000","000.000","000.000","000.000","000.000",,,,
20:00 - 00:30,Alis," 000.000"," 000.001"," 000.000"," 000.000"," 000.000"," 000.000"," 000.001"," 000.000"," 000.001"," 000.001"," 000.001"," 000.000"," 000.000"," 000.001"," 000.000"," 000.000"," 000.000"," 000.000"," 000.000"," 000.001"," 000.001"," 000.000"," 000.001"," 000.000"," 000.000"," 000.000"," 000.000"," 000.000",,,,
20:00 - 00:30,Veris,"000.000","000.000","000.000","000.000","000.000","000.000","000.000","000.000","000.000","000.000","000.000","000.000","000.000","000.000","000.000","000.000","000.080","000.000","000.000","000.000","000.000","000.000","000.000","000.000","000.000","000.000","000.000","000.000",,,,
20:00 - 00:45,Alis," 000.001"," 000.000"," 000.001"," 000.000"," 000.001"," 000.000"," 000.000"," 000.001"," 000.000"," 000.000"," 000.000"," 000.001"," 000.000"," 000.000"," 000.000"," 000.000"," 000.000"," 000.001"," 000.000"," 000.000"," 000.000"," 000.000"," 000.000"," 000.000"," 000.000"," 000.001"," 000.000"," 000.001",,,,
20:00 - 00:45,Veris,"000.000","000.000","000.000","000.000","000.000","000.000","000.000","000.000","000.000","000.000","000.000","000.000","000.000","000.000","000.000","000.000","000.080","000.000","000.000","000.000","000.000","000.000","000.000","000.000","000.000","000.000","000.000","000.000",,,,
21:00 - 00:00,Alis," 000.000"," 000.000"," 000.000"," 000.001"," 000.000"," 000.001"," 000.000"," 000.000"," 000.000"," 000.000"," 000.000"," 000.000"," 000.001"," 000.000"," 000.001"," 000.001"," 000.000"," 000.000"," 000.001"," 000.000"," 000.000"," 000.001"," 000.000"," 000.001"," 000.001"," 000.000"," 000.001"," 000.000",,,,
21:00 - 00:00,Veris,"000.000","000.000","000.000","000.000","000.000","000.000","000.000","000.000","000.000","000.000","000.000","000.000","000.000","000.000","000.000","000.000","000.080","000.000","000.000","000.000","000.000","000.000","000.000","000.000","000.000","000.000","000.000","000.000",,,,
21:00 - 00:15,Alis," 000.000"," 000.001"," 000.000"," 000.000"," 000.000"," 000.000"," 000.001"," 000.000"," 000.001"," 000.001"," 000.001"," 000.000"," 000.000"," 000.001"," 000.000"," 000.000"," 000.000"," 000.000"," 000.000"," 000.001"," 000.001"," 000.000"," 000.001"," 000.000"," 000.000"," 000.000"," 000.000"," 000.000",,,,
21:00 - 00:15,Veris,"000.000","000.000","000.000","000.000","000.000","000.000","000.000","000.000","000.000","000.000","000.000","000.000","000.000","000.000","000.000","000.000","000.080","000.000","000.000","000.000","000.000","000.000","000.000","000.000","000.000","000.000","000.000","000.000",,,,
21:00 - 00:30,Alis," 000.001"," 000.000"," 000.001"," 000.000"," 000.001"," 000.000"," 000.000"," 000.001"," 000.000"," 000.000"," 000.000"," 000.000"," 000.000"," 000.000"," 000.000"," 000.000"," 000.000"," 000.001"," 000.000"," 000.000"," 000.000"," 000.000"," 000.000"," 000.000"," 000.000"," 000.001"," 000.000"," 000.001",,,,
21:00 - 00:30,Veris,"000.000","000.000","000.000","000.000","000.000","000.000","000.000","000.000","000.000","000.000","000.000","000.000","000.000","000.000","000.000","000.000","000.079","000.000","000.000","000.000","000.000","000.000","000.000","000.000","000.000","000.000","000.000","000.000",,,,
21:00 - 00:45,Alis," 000.000"," 000.000"," 000.000"," 000.000"," 000.000"," 000.001"," 000.001"," 000.000"," 000.000"," 000.000"," 000.000"," 000.001"," 000.000"," 000.000"," 000.001"," 000.001"," 000.000"," 000.000"," 000.001"," 000.000"," 000.000"," 000.001"," 000.000"," 000.001"," 000.001"," 000.000"," 000.000"," 000.000",,,,
21:00 - 00:45,Veris,"000.000","000.000","000.000","000.000","000.000","000.000","000.000","000.000","000.000","000.000","000.000","000.000","000.000","000.000","000.000","000.000","000.080","000.000","000.000","000.000","000.000","000.000","000.000","000.000","000.000","000.000","000.000","000.000",,,,
22:00 - 00:00,Alis," 000.000"," 000.001"," 000.000"," 000.001"," 000.000"," 000.000"," 000.000"," 000.000"," 000.000"," 000.000"," 000.000"," 000.000"," 000.001"," 000.000"," 000.000"," 000.000"," 000.000"," 000.000"," 000.000"," 000.001"," 000.001"," 000.000"," 000.001"," 000.000"," 000.000"," 000.000"," 000.001"," 000.000",,,,
22:00 - 00:00,Veris,"000.000","000.000","000.000","000.000","000.000","000.000","000.000","000.000","000.000","000.000","000.000","000.000","000.000","000.000","000.000","000.011","000.078","000.000","000.000","000.000","000.000","000.000","000.000","000.000","000.000","000.000","000.000","000.000",,,,
22:00 - 00:15,Alis," 000.001"," 000.000"," 000.000"," 000.000"," 000.000"," 000.000"," 000.000"," 000.001"," 000.001"," 000.001"," 000.001"," 000.000"," 000.000"," 000.001"," 000.000"," 000.000"," 000.000"," 000.001"," 000.001"," 000.000"," 000.000"," 000.000"," 000.000"," 000.000"," 000.001"," 000.001"," 000.000"," 000.001",,,,
22:00 - 00:15,Veris,"000.000","000.000","000.000","000.000","000.000","000.000","000.000","000.000","000.000","000.000","000.000","000.000","000.000","000.000","000.000","000.037","000.003","000.000","000.000","000.000","000.000","000.000","000.000","000.000","000.000","000.000","000.000","000.000",,,,
22:00 - 00:30,Alis," 000.000"," 000.000"," 000.001"," 000.000"," 000.001"," 000.001"," 000.000"," 000.000"," 000.000"," 000.000"," 000.000"," 000.001"," 000.000"," 000.000"," 000.001",," 000.001"," 000.000"," 000.000"," 000.001"," 000.000"," 000.001"," 000.000"," 000.001"," 000.000"," 000.000"," 000.001"," 000.000",,,,
22:00 - 00:30,Veris,"000.000","000.000","000.000","000.000","000.000","000.000","000.000","000.000","000.000","000.000","000.000","000.000","000.000","000.000","000.000",,"000.000","000.000","000.000","000.000","000.000","000.000","000.000","000.000","000.000","000.000","000.000","000.000",,,,
22:00 - 00:45,Alis," 000.000"," 000.001"," 000.000"," 000.001"," 000.000"," 000.000"," 000.001"," 000.000"," 000.000"," 000.000"," 000.000"," 000.000"," 000.001"," 000.000"," 000.000",," 000.000"," 000.000"," 000.000"," 000.000"," 000.001"," 000.000"," 000.001"," 000.000"," 000.000"," 000.000"," 000.000"," 000.000",,,,
22:00 - 00:45,Veris,"000.000","000.000","000.000","000.000","000.000","000.000","000.000","000.000","000.000","000.000","000.000","000.000","000.000","000.000","000.000",,"000.000","000.000","000.000","000.000","000.000","000.000","000.000","000.000","000.000","000.000","000.000","000.000",,,,
23:00 - 00:00,Alis," 000.001"," 000.000"," 000.000"," 000.000"," 000.000"," 000.000"," 000.000"," 000.000"," 000.001"," 000.001"," 000.001"," 000.000"," 000.000"," 000.001"," 000.000",," 000.000"," 000.001"," 000.001"," 000.000"," 000.000"," 000.000"," 000.000"," 000.000"," 000.001"," 000.001"," 000.000"," 000.001",,,,
23:00 - 00:00,Veris,"000.000","000.000","000.000","000.000","000.000","000.000","000.000","000.000","000.000","000.000","000.000","000.000","000.000","000.000","000.000",,"000.000","000.000","000.000","000.000","000.000","000.000","000.000","000.000","000.000","000.000","000.000","000.000",,,,
23:00 - 00:15,Alis," 000.000"," 000.000"," 000.001"," 000.001"," 000.001"," 000.001"," 000.000"," 000.001"," 000.000"," 000.000"," 000.000"," 000.001"," 000.000"," 000.000"," 000.001",," 000.001"," 000.000"," 000.000"," 000.001"," 000.000"," 000.001"," 000.000"," 000.001"," 000.000"," 000.000"," 000.001"," 000.000",,,,
23:00 - 00:15,Veris,"000.000","000.000","000.000","000.000","000.000","000.000","000.000","000.000","000.000","000.000","000.000","000.000","000.000","000.000","000.000",,"000.000","000.000","000.000","000.000","000.000","000.000","000.000","000.000","000.000","000.000","000.000","000.000",,,,
23:00 - 00:30,Alis," 000.000"," 000.001"," 000.000"," 000.000"," 000.000"," 000.000"," 000.001"," 000.000"," 000.000"," 000.000"," 000.000"," 000.000"," 000.001"," 000.000"," 000.000",," 000.000"," 000.000"," 000.001"," 000.000"," 000.001"," 000.000"," 000.001"," 000.000"," 000.000"," 000.001"," 000.000"," 220.000",,,,
23:00 - 00:30,Veris,"000.000","000.000","000.000","000.000","000.000","000.000","000.000","000.000","000.000","000.000","000.000","000.000","000.000","000.000","000.000",,"000.000","000.000","000.000","000.000","000.000","000.000","000.000","000.000","000.000","000.000","000.000","400.000",,,,
23:00 - 00:45,Alis," 000.000"," 000.000"," 000.000"," 000.000"," 000.000"," 000.000"," 000.000"," 000.000"," 000.001"," 000.001"," 000.001"," 000.000"," 000.000"," 000.001"," 000.000",," 000.000"," 000.001"," 000.000"," 000.000"," 000.000"," 000.000"," 000.000"," 000.001"," 000.001"," 000.000"," 000.000"," 100.001",,,,
23:00 - 00:45,Veris,"000.000","000.000","000.000","000.000","000.000","000.000","000.000","000.000","000.000","000.000","000.000","000.000","000.000","000.000","000.000",,"000.000","000.000","000.000","000.000","000.000","000.000","000.000","000.000","000.000","000.000","000.000","300.000",,,,
24:00 - 00:15,Alis," 000.001"," 000.000"," 000.001"," 000.001"," 000.000"," 000.001"," 000.000"," 000.001"," 000.000"," 000.000"," 000.000"," 000.000"," 000.000"," 000.000"," 000.001",," 000.001"," 000.000"," 000.000"," 000.001"," 000.000"," 000.001"," 000.000"," 000.000"," 000.000"," 000.000"," 000.001"," 011.000",,,,
24:00 - 00:15,Veris,"000.000","000.000","000.000","000.000","000.000","000.000","000.000","000.000","000.000","000.000","000.000","000.000","000.000","000.000","000.000",,"000.000","000.000","000.000","000.000","000.000","000.000","000.000","000.000","000.000","000.000","000.000","444.000",,,,
